{
  "inputs": {
    "live_trace": "D:\\Projects\\digital_agent_osu_project\\external\\osu_lazer_controller\\bin\\Debug\\net8.0-windows\\logs\\warmup_trace_20260422_074809.json",
    "reference_replay": "D:\\Projects\\digital_agent_osu_project\\artifacts\\runs\\osu_phase8_easy_generalization\\replays\\best_eval_replay.json",
    "bridge_map": "D:\\Projects\\digital_agent_osu_project\\exports\\osu_lazer_bridge_map.json"
  },
  "map": {
    "artist": "StylipS",
    "title": "Spica. (TV-size)",
    "version": "Beginner-ka",
    "objects": 27
  },
  "metrics": {
    "ticks": 14,
    "loop_time_ms": {
      "count": 14,
      "mean": 3.1052142857142857,
      "median": 1.8893,
      "p95": 10.5662,
      "minimum": 1.3527,
      "maximum": 10.5662
    },
    "policy_latency_ms": {
      "count": 14,
      "mean": 1.6300000000000001,
      "median": 1.5851000000000002,
      "p95": 2.7302,
      "minimum": 1.1644,
      "maximum": 2.7302
    },
    "effective_fps": {
      "count": 13,
      "mean": 37.73821296873832,
      "median": 32.72701091118559,
      "p95": 64.30992237792357,
      "minimum": 32.07009239393609,
      "maximum": 64.30992237792357
    },
    "primary_distance_px": {
      "count": 14,
      "mean": 65.16819723421722,
      "median": 60.65966821040074,
      "p95": 120.69485503848827,
      "minimum": 20.351658075338538,
      "maximum": 120.69485503848827
    },
    "reference_cursor_distance_px": {
      "count": 14,
      "mean": 296.79593734070517,
      "median": 291.02826951676815,
      "p95": 399.5105616637362,
      "minimum": 226.8971720679443,
      "maximum": 399.5105616637362
    },
    "edge_clamp_ratio": 0.0,
    "active_slider_ratio": 0.21428571428571427,
    "active_spinner_ratio": 0.0,
    "click_ratio": 0.2857142857142857,
    "raw_click_ratio": 0.2857142857142857,
    "slider_hold_ratio": 0.21428571428571427,
    "spinner_hold_ratio": 0.0,
    "reference_click_match_ratio": 1.0,
    "reference_cursor_samples": 14
  },
  "recommendations": [
    "Большое расхождение с offline replay: подбирать `audioOffsetMs` и `inputDelayMs`, затем сравнить live trace ещё раз.",
    "Control loop проседает ниже 50 FPS: смотреть `PolicyLatencyMs`, захват окна и лишние фоновые процессы."
  ]
}